id;nom_complet;contact;tranche_age;situation_matrimoniale;date;impressions_du_culte;sexe;invite_par
1;Books connecting;supply-chains;pixel programming;VEUF;2021-09-30;Bedfordshire payment;F;RADIO
2;Turkménistan Checking;Computers alliance Directeur;reboot;SEUL;2021-10-01;generating Manager;M;FAMILLE
3;Health;transitional;e-services Account;SEUL;2021-10-01;indexing Refined reboot;F;FAMILLE
4;Universal Beauty;a Home;Plastic microchip Plastic;FIANCE;2021-09-30;b b backing;F;INTERNET
5;Dauphine;moderator Account directional;Incredible;SEUL;2021-10-01;b Agent;M;FAMILLE
6;Refined;optical generating;capacity superstructure;CONCUBINAGE;2021-09-30;Borders cyan;F;RADIO
7;silver;Beauty;Bretagne;CONCUBINAGE;2021-10-01;programming;F;AMI
8;Avon;Frozen input;definition visualize;MARIE;2021-10-01;Micronésie Monitored Fantastic;M;FAMILLE
9;c de;Cap-Vert Soap;Superviseur Finlande digital;SEUL;2021-10-01;Haute-Normandie;F;AMI
10;overriding Steel;Biélorussie;violet du;SEUL;2021-10-01;a;M;INTERNET
